STATE,ST_CASE,VE_TOTAL,VE_FORMS,PVH_INVL,PEDS,PERNOTMVIT,PERMVIT,PERSONS,COUNTY,CITY,DAY,MONTH,YEAR,DAY_WEEK,HOUR,MINUTE,NHS,RUR_URB,FUNC_SYS,RD_OWNER,ROUTE,TWAY_ID,TWAY_ID2,MILEPT,LATITUDE,LONGITUD,SP_JUR,HARM_EV,MAN_COLL,RELJCT1,RELJCT2,TYP_INT,WRK_ZONE,REL_ROAD,LGT_COND,WEATHER1,WEATHER2,WEATHER,SCH_BUS,RAIL,NOT_HOUR,NOT_MIN,ARR_HOUR,ARR_MIN,HOSP_HR,HOSP_MN,CF1,CF2,CF3,FATALS,DRUNK_DR
45,450001,3,3,0,0,0,5,5,87,0,1,1,2016,6,20,45,0,2,4,1,3,SR-49,,0,34.70479722,-81.645266670000,0,12,1,0,1,1,0,1,2,1,0,1,0,0000000,99,99,99,99,99,99,0,0,0,2,0
45,450002,2,2,0,0,0,3,3,55,0,2,1,2016,7,18,15,0,1,4,1,3,SR-21,,67,34.24881389,-80.820458330000,0,12,2,0,1,1,0,1,2,1,0,1,0,0000000,99,99,99,99,99,99,0,0,0,1,1
45,450003,1,1,0,0,0,1,1,15,0,2,1,2016,7,4,21,0,1,4,1,3,SR-16,,73,33.14817500,-80.146616670000,0,34,0,0,1,1,0,4,6,1,0,1,0,0000000,88,88,88,88,88,88,0,0,0,1,1
45,450004,2,2,0,0,0,2,2,63,0,2,1,2016,7,4,45,1,2,1,1,1,I-26,,1151,33.93451944,-81.079958330000,0,12,1,0,1,1,0,1,2,10,0,10,0,0000000,99,99,99,99,99,99,0,0,0,1,1
45,450005,1,1,0,1,1,1,1,83,0,3,1,2016,1,17,45,0,2,4,1,3,SR-9,,0,34.98566667,-81.946244440000,0,9,0,0,1,1,0,1,6,1,0,1,0,0000000,99,99,99,99,99,99,0,0,0,1,0
45,450006,1,1,0,1,1,1,1,3,0,3,1,2016,1,20,10,0,2,7,2,4,CR-NORTH STREET,,0,33.40031944,-81.673238890000,0,8,0,0,1,1,0,1,2,1,0,1,0,0000000,88,88,88,88,88,88,0,0,0,1,0
45,450007,2,2,0,0,0,4,4,39,0,4,1,2016,2,10,15,0,1,3,1,2,US-21,,0,34.42851667,-80.946825000000,0,12,2,0,1,1,0,1,1,1,0,1,0,0000000,99,99,99,99,99,99,0,0,0,1,0
45,450008,1,1,0,0,0,1,1,85,0,6,1,2016,4,1,10,0,2,4,1,3,SR-1342,,65,34.01705833,-80.446397220000,0,34,0,0,8,1,0,4,2,1,0,1,0,0000000,99,99,99,99,99,99,0,0,0,1,1
45,450009,3,3,0,0,0,3,3,85,0,6,1,2016,4,7,13,1,2,3,1,2,US-76,SR-40,110,33.96512222,-80.443783330000,0,12,6,0,2,2,0,1,1,1,0,1,0,0000000,99,99,99,99,99,99,0,0,0,1,0
45,450010,1,1,0,1,1,1,1,63,1430,6,1,2016,4,12,50,0,2,7,1,3,SR-176,SR-1683,3,33.98031389,-81.251000000000,0,8,0,0,2,3,0,1,1,1,0,1,0,0000000,99,99,99,99,99,99,0,0,0,1,0
45,450011,2,2,0,0,0,2,2,63,2790,7,1,2016,5,13,17,0,2,7,1,3,SR-313,SR-398,8,33.98416944,-81.078638890000,0,12,6,0,2,2,0,1,1,1,0,1,0,0000000,99,99,99,99,99,99,0,0,0,1,0
45,450012,2,2,0,0,0,3,3,5,860,8,1,2016,6,12,40,0,1,3,1,2,US-278,SR-286,121,32.94888056,-81.222611110000,0,12,6,0,2,2,0,1,1,10,0,10,0,0000000,99,99,99,99,99,99,0,0,0,1,0
45,450013,1,1,0,0,0,1,1,3,0,8,1,2016,6,13,25,0,2,6,1,3,SR-895,,6,33.56921111,-81.781225000000,0,34,0,0,1,1,0,4,1,1,0,1,0,0000000,99,99,99,99,99,99,0,0,0,1,0
45,450014,1,1,0,0,0,1,1,23,0,8,1,2016,6,1,0,0,1,3,1,2,US-321,,76,34.65616111,-81.196252780000,0,32,0,0,1,1,0,5,2,1,0,1,0,0000000,88,88,88,88,88,88,0,0,0,1,1
45,450015,2,2,0,0,0,2,2,15,0,10,1,2016,1,9,35,0,2,4,1,3,SR-62,SR-1263,51,32.99552222,-80.096947220000,0,12,6,0,2,3,0,1,1,1,0,1,0,0000000,99,99,99,99,99,99,0,0,0,1,0
45,450016,2,2,0,0,0,2,2,23,0,10,1,2016,1,6,15,0,1,3,1,3,SR-97,,234,34.61973056,-81.108363890000,0,12,2,0,1,1,0,1,2,1,0,1,0,0000000,99,99,99,99,99,99,0,0,0,1,1
45,450017,1,1,0,0,0,1,1,55,0,11,1,2016,2,13,30,0,1,3,1,2,US-301,,0,34.09621667,-80.691705560000,0,35,0,0,1,1,0,4,1,1,0,1,0,0000000,99,99,99,99,99,99,0,0,0,1,0
45,450018,2,2,0,0,0,3,3,45,0,13,1,2016,4,13,0,0,1,3,1,3,SR-8,SR-52,27,34.64041389,-82.437416670000,0,12,6,0,2,2,0,1,1,1,0,1,0,0000000,99,99,99,99,99,99,0,0,0,1,0
45,450019,2,2,0,0,0,3,3,41,0,14,1,2016,5,11,20,0,1,3,1,2,US-301,,0,34.17227222,-79.703388890000,0,12,6,0,1,1,0,1,1,1,0,1,0,0000000,99,99,99,99,99,99,0,0,0,1,0
45,450020,1,1,0,1,1,2,2,19,410,14,1,2016,5,19,32,1,2,1,1,1,I-26,,2085,32.93420556,-80.047027780000,0,8,0,0,1,1,0,1,2,1,0,1,0,0000000,99,99,99,99,99,99,0,0,0,1,0
45,450021,1,1,0,1,1,1,1,3,0,14,1,2016,5,18,15,0,1,4,1,3,SR-580,,0,33.40779167,-81.855083330000,0,8,0,0,1,1,0,1,2,1,0,1,0,0000000,88,88,88,88,88,88,0,0,0,1,0
45,450022,2,2,0,0,0,4,4,57,0,15,1,2016,6,19,20,0,2,3,1,3,SR-200,,73,34.66350556,-80.813630560000,0,12,2,0,1,1,0,1,6,2,0,2,0,0000000,99,99,99,99,99,99,0,0,0,1,0
45,450023,1,1,0,0,0,1,1,45,0,15,1,2016,6,22,18,0,2,3,1,2,US-276,,0,34.92891944,-82.452805560000,0,42,0,0,1,1,0,4,2,10,0,10,0,0000000,88,88,88,88,88,88,0,0,0,1,0
45,450024,1,1,0,0,0,1,1,7,0,16,1,2016,7,12,30,0,1,7,2,4,CR- POLLARD RD,,0,34.32241389,-82.712105560000,0,42,0,0,1,1,0,4,1,1,0,1,0,0000000,88,88,88,88,88,88,0,0,0,1,0
45,450025,1,1,0,0,0,1,1,7,0,16,1,2016,7,13,7,0,1,4,1,3,SR-413,,0,34.43720833,-82.552269440000,0,35,0,0,1,1,0,4,1,1,0,1,0,0000000,88,88,88,88,88,88,0,0,0,1,0
45,450026,2,2,0,0,0,2,2,73,0,16,1,2016,7,8,10,0,1,3,1,3,SR-11,SR-67,91,34.60996389,-83.046008330000,0,12,6,0,2,4,0,1,1,1,0,1,0,0000000,99,99,99,99,99,99,0,0,0,1,0
45,450027,2,2,0,0,0,2,2,53,0,16,1,2016,7,16,9,1,1,1,1,1,I-95,,51,32.62495000,-80.886433330000,0,12,1,0,1,1,0,1,1,1,0,1,0,0000000,99,99,99,99,99,99,0,0,0,1,0
45,450028,1,1,0,0,0,1,1,63,0,17,1,2016,1,3,8,0,1,3,1,3,SR-302,,1,33.69550833,-81.267702780000,0,31,0,0,1,1,0,5,2,1,0,1,0,0000000,88,88,88,88,88,88,0,0,0,1,1
45,450029,2,2,0,0,0,6,6,75,0,17,1,2016,1,3,15,0,1,4,1,3,SR-3,,0,33.46977500,-81.271977780000,0,12,2,0,1,1,0,1,2,1,0,1,0,0000000,99,99,99,99,99,99,0,0,0,1,1
45,450030,1,1,0,0,0,1,1,7,0,17,1,2016,1,15,45,0,1,4,1,3,SR-181,,33,34.35146111,-82.732208330000,0,42,0,0,1,1,0,4,1,1,0,1,0,0000000,88,88,88,88,88,88,0,0,0,1,1
45,450031,1,1,0,0,0,1,1,3,1800,18,1,2016,2,18,38,0,2,4,1,3,SR-1936,,0,33.51914167,-81.977080560000,0,1,0,0,1,1,0,1,3,1,0,1,0,0000000,88,88,88,88,88,88,0,0,0,1,1
45,450032,1,1,0,0,0,2,2,63,0,18,1,2016,2,4,57,0,1,7,2,4,CR-HARVEY BERRY RD,,0,33.79379167,-81.272105560000,0,42,0,0,1,1,0,5,6,1,0,1,0,0000000,99,99,99,99,99,99,20,0,0,1,0
45,450033,2,2,0,0,0,3,3,73,0,18,1,2016,2,6,20,1,1,1,1,1,I-85,,0,34.50276667,-82.980061110000,0,26,0,0,1,1,0,4,4,1,0,1,0,0000000,99,99,99,99,99,99,0,0,0,1,0
45,450034,1,1,0,1,1,2,2,67,0,18,1,2016,2,18,5,0,1,4,1,3,SR-60,,34,34.22856944,-79.201350000000,0,9,0,0,1,1,0,1,2,1,0,1,0,0000000,88,88,88,88,88,88,0,0,0,1,0
45,450035,3,3,0,0,0,4,4,51,0,18,1,2016,2,18,11,0,2,3,1,2,US-501,CR-WEST PERRY RD,0,33.75755833,-78.967333330000,0,12,6,0,2,3,0,1,2,1,0,1,0,0000000,99,99,99,99,99,99,0,0,0,1,0
45,450036,1,1,0,0,0,1,1,85,0,17,1,2016,1,3,30,0,1,3,1,3,SR-261,,220,33.73782500,-80.456538890000,0,35,0,0,1,1,0,4,2,1,0,1,0,0000000,99,99,99,99,99,99,0,0,0,1,1
45,450037,1,1,0,0,0,1,1,91,0,19,1,2016,3,6,35,0,1,7,1,3,SR-1086,,26,35.13482222,-81.231161110000,0,34,0,0,1,1,0,4,4,1,0,1,0,0000000,99,99,99,99,99,99,0,0,0,1,0
45,450038,2,2,0,0,0,2,2,19,1805,20,1,2016,4,18,29,1,2,3,1,2,US-78,CR-KOA DRIVE,0,32.98498056,-80.093241670000,0,12,6,0,2,3,0,1,2,1,0,1,0,0000000,99,99,99,99,99,99,0,0,0,1,0
45,450039,1,1,0,1,1,3,3,63,370,21,1,2016,5,6,46,0,2,4,1,3,SR-35,,4,33.93853889,-81.043347220000,0,9,0,0,1,1,0,1,1,1,0,1,0,0000000,99,99,99,99,99,99,0,0,0,1,0
45,450040,2,2,0,0,0,3,3,63,0,21,1,2016,5,3,10,1,2,3,1,3,SR-302,SR-378,208,33.94499444,-81.103213890000,0,12,1,0,2,4,0,1,2,1,0,1,0,0000000,99,99,99,99,99,99,0,0,0,1,1
45,450041,2,2,0,0,0,3,3,83,0,21,1,2016,5,20,5,0,2,6,1,3,SR-290,SR-222,83,34.90645556,-82.099811110000,0,12,6,0,2,3,0,1,6,10,0,10,0,0000000,99,99,99,99,99,99,0,0,0,1,0
45,450042,1,1,0,0,0,2,2,7,0,21,1,2016,5,21,38,0,2,4,1,3,SR-53,,29,34.68856667,-82.481172220000,0,38,0,0,1,1,0,4,2,2,0,2,0,0000000,99,99,99,99,99,99,0,0,0,1,0
45,450043,1,1,0,0,0,1,1,53,0,22,1,2016,6,15,15,0,1,5,1,3,SR-17,,18,32.67839167,-81.093311110000,0,34,0,0,1,1,0,4,1,10,0,10,0,0000000,99,99,99,99,99,99,0,0,0,1,1
45,450044,1,1,0,0,0,1,1,25,0,23,1,2016,7,4,0,0,1,7,1,3,SR-555,,21,34.73884444,-80.409566670000,0,34,0,0,1,1,0,4,2,11,0,11,0,0000000,88,88,88,88,88,88,0,0,0,1,1
45,450045,1,1,0,0,0,1,1,87,0,23,1,2016,7,12,23,0,1,4,1,3,SR-9,,93,34.81452222,-81.620994440000,0,34,0,0,1,1,0,4,1,10,0,10,0,0000000,99,99,99,99,99,99,0,0,0,1,1
45,450046,1,1,0,1,1,1,1,45,0,23,1,2016,7,13,35,0,2,4,1,3,SR-14,,0,34.84024722,-82.245597220000,0,8,0,0,1,1,0,4,1,1,0,1,0,0000000,99,99,99,99,99,99,0,0,0,1,0
45,450047,2,2,0,0,0,2,2,19,410,24,1,2016,1,18,53,0,2,4,1,3,SR-94,,39,32.73062500,-79.928202780000,0,12,2,0,1,1,0,1,2,1,0,1,0,0000000,99,99,99,99,99,99,0,0,0,1,1
45,450048,2,2,0,0,0,2,2,73,0,24,1,2016,1,18,25,0,2,4,1,3,SR-37,SR-65,11,34.65337222,-82.856577780000,0,12,2,0,8,1,0,1,5,1,0,1,0,0000000,99,99,99,99,99,99,0,0,0,1,1
45,450049,2,2,0,0,0,2,2,15,0,24,1,2016,1,23,40,0,1,4,1,3,SR-99,,0,32.99607778,-79.837361110000,0,12,8,0,1,1,0,1,6,1,0,1,0,0000000,99,99,99,99,99,99,0,0,0,1,1
45,450050,2,2,0,0,0,3,3,23,0,26,1,2016,3,7,0,0,1,3,1,3,SR-9,SR-136,276,34.74929167,-81.047169440000,0,12,6,0,2,2,0,1,1,1,0,1,0,0000000,99,99,99,99,99,99,0,0,0,1,0
45,450051,2,2,0,1,1,2,2,51,0,27,1,2016,4,22,17,1,2,3,1,2,US-501,,303,33.73074167,-78.942977780000,0,8,0,0,1,1,0,1,2,10,0,10,0,0000000,88,88,88,88,88,88,0,0,0,1,0
45,450052,1,1,0,1,1,1,1,33,0,28,1,2016,5,5,0,0,1,3,1,3,SR-38,,95,34.37777500,-79.574925000000,0,8,0,0,1,1,0,1,2,2,0,2,0,0000000,99,99,99,99,99,99,0,0,0,1,0
45,450053,2,2,0,0,0,3,3,45,0,29,1,2016,6,2,0,1,2,3,1,2,US-25,SR-253,285,34.85218056,-82.451652780000,0,12,6,0,2,2,0,1,2,1,0,1,0,0000000,99,99,99,99,99,99,0,0,0,1,1
45,450054,1,1,0,0,0,1,1,61,0,29,1,2016,6,7,50,0,1,7,1,3,SR-26,,26,34.29066667,-80.173394440000,0,42,0,0,1,1,0,4,1,1,0,1,0,0000000,88,88,88,88,88,88,0,0,0,1,0
45,450055,2,2,0,0,0,4,4,51,0,29,1,2016,6,18,50,0,1,4,1,3,SR-548,CR-WAYSIDE RD,0,33.87101944,-79.139313890000,0,12,6,0,2,2,0,1,2,1,0,1,0,0000000,99,99,99,99,99,99,0,0,0,1,0
45,450056,1,1,0,1,1,1,1,51,0,29,1,2016,6,19,55,1,1,3,1,3,SR-9,SR-420,218,34.04981667,-78.836602780000,0,8,0,0,2,2,0,1,2,1,0,1,0,0000000,99,99,99,99,99,99,0,0,0,1,0
45,450057,1,1,0,1,1,1,1,51,0,30,1,2016,7,17,59,0,2,4,1,3,SR-1240,,0,33.62487222,-79.008908330000,0,9,0,0,1,1,0,1,5,1,0,1,0,0000000,99,99,99,99,99,99,0,0,0,1,0
45,450058,2,2,0,0,0,3,3,91,0,30,1,2016,7,20,20,0,1,3,1,3,SR-49,,220,35.02963056,-81.178855560000,0,12,2,0,1,1,0,1,2,1,0,1,0,0000000,99,99,99,99,99,99,0,0,0,1,0
45,450059,3,3,0,0,0,3,3,77,0,1,2,2016,2,6,20,0,1,3,1,3,SR-183,SR-55,174,34.87971389,-82.631122220000,0,12,7,0,2,3,0,1,2,10,0,10,0,0000000,88,88,88,88,88,88,0,0,0,1,0
45,450060,1,1,0,0,0,1,1,45,0,2,2,2016,3,16,20,0,1,4,1,3,SR-50,,47,34.60131111,-82.348066670000,0,24,0,0,1,1,0,4,1,1,0,1,0,0000000,88,88,88,88,88,88,0,0,0,1,0
45,450061,2,2,0,0,0,2,2,7,40,2,2,2016,3,18,59,0,2,4,1,3,SR-22,SR-527,0,34.50008333,-82.663844440000,0,12,6,0,2,3,0,1,3,1,0,1,0,0000000,99,99,99,99,99,99,0,0,0,1,0
45,450062,1,1,0,1,1,1,1,7,40,2,2,2016,3,10,57,0,2,3,1,2,US-76,CR- W. BELTLINE BLVD,0,34.54943333,-82.674313890000,0,8,0,0,1,1,0,1,1,1,0,1,0,0000000,99,99,99,99,99,99,0,0,0,1,0
45,450063,2,2,0,0,0,2,2,17,0,3,2,2016,4,11,48,0,1,3,1,2,US-21,,0,33.65022778,-80.901347220000,0,12,6,0,1,1,0,1,1,10,0,10,0,0000000,99,99,99,99,99,99,0,0,0,1,0
45,450064,1,1,0,0,0,1,1,53,0,3,2,2016,4,5,34,1,1,1,1,1,I-95,,166,32.41525278,-81.011880560000,0,42,0,0,1,1,0,3,2,1,0,1,0,0000000,88,88,88,88,88,88,0,0,0,1,0
45,450065,2,2,0,0,0,2,2,69,0,3,2,2016,4,11,10,0,1,3,1,2,US-15,SR-912,0,34.58280556,-79.760872220000,0,12,6,0,2,4,0,1,1,1,0,1,0,0000000,99,99,99,99,99,99,0,0,0,1,0
45,450066,1,1,0,0,0,1,1,31,1100,4,2,2016,5,1,41,0,2,4,1,3,SR-298,,0,34.37079444,-80.072625000000,0,31,0,0,1,1,0,4,3,2,0,2,0,0000000,88,88,88,88,88,88,0,0,0,1,1
45,450067,1,1,0,0,0,2,2,31,0,4,2,2016,5,15,10,0,1,3,1,2,US-401,SR-19,137,34.25056667,-79.951827780000,0,34,0,0,3,5,0,4,1,2,0,2,0,0000000,99,99,99,99,99,99,0,0,0,1,0
45,450068,1,1,0,1,1,3,3,13,0,4,2,2016,5,19,25,0,1,7,2,4,CR-PRESCOTT RD,,0,32.62378611,-80.786430560000,0,8,0,0,1,1,0,1,2,1,0,1,0,0000000,88,88,88,88,88,88,0,0,0,1,0
45,450069,1,1,0,1,1,1,1,75,0,4,2,2016,5,19,44,0,1,4,1,3,SR-45,,27,33.38533889,-80.431850000000,0,8,0,0,1,1,0,1,2,1,0,1,0,0000000,88,88,88,88,88,88,0,0,0,1,0
45,450070,2,2,0,0,0,2,2,63,0,5,2,2016,6,4,39,1,2,2,1,2,US-21,,158,33.91874722,-81.075061110000,0,12,2,0,1,1,0,1,2,1,0,1,0,0000000,99,99,99,99,99,99,0,0,0,1,1
45,450071,1,1,0,0,0,4,4,91,0,5,2,2016,6,12,40,0,1,4,1,3,SR-211,,0,34.96768611,-81.450713890000,0,38,0,0,1,1,0,5,1,1,0,1,0,0000000,99,99,99,99,99,99,0,0,0,2,0
45,450072,1,1,0,1,1,2,2,9,610,6,2,2016,7,20,57,0,1,7,1,3,SR-442,,4,33.31541111,-81.132266670000,0,8,0,0,1,1,0,1,2,2,0,2,0,0000000,99,99,99,99,99,99,0,0,0,1,0
45,450073,1,1,0,0,0,1,1,45,0,6,2,2016,7,1,10,0,2,7,2,4,CR-HOWELL RD,CR-BOTANY RD,0,34.88541389,-82.330275000000,0,42,0,0,3,3,0,4,3,1,0,1,0,0000000,88,88,88,88,88,88,0,0,0,1,1
45,450074,1,1,0,0,0,1,1,15,0,7,2,2016,1,4,3,0,1,4,1,3,SR-9,CR-WAPPAOOLAH RD,0,33.08191944,-79.997308330000,0,38,0,0,3,3,0,4,3,2,0,2,0,0000000,88,88,88,88,88,88,0,0,0,1,1
45,450075,1,1,0,0,0,1,1,1,0,8,2,2016,2,0,50,0,1,4,1,3,SR-20,,27,34.20978333,-82.388397220000,0,42,0,0,1,1,0,4,2,1,0,1,0,0000000,88,88,88,88,88,88,0,0,0,1,1
45,450076,2,2,0,0,0,3,3,3,0,8,2,2016,2,7,13,0,1,7,2,4,CR-SR 1,,0,33.32784167,-81.768947220000,0,12,2,0,1,1,0,1,1,1,0,1,0,0000000,99,99,99,99,99,99,0,0,0,1,0
45,450077,2,2,0,0,0,3,3,23,0,8,2,2016,2,3,0,1,1,1,1,1,I-77,,599,34.66886111,-81.029061110000,0,12,1,0,1,1,0,1,2,1,0,1,0,0000000,99,99,99,99,99,99,0,0,0,1,1
45,450078,2,2,0,0,0,2,2,91,0,9,2,2016,3,21,10,0,1,4,1,3,SR-75,,34,34.99233889,-81.310733330000,0,12,7,0,1,1,0,1,2,1,0,1,0,0000000,88,88,88,88,88,88,0,0,0,1,1
45,450079,1,1,0,1,1,1,1,75,0,10,2,2016,4,19,20,1,2,3,1,2,US-301,SR-713,129,33.48061667,-80.896905560000,0,8,0,0,2,3,0,1,2,1,0,1,0,0000000,88,88,88,88,88,88,0,0,0,1,0
45,450080,2,2,0,0,0,2,2,57,0,11,2,2016,5,15,34,0,2,3,1,3,SR-903,SR-376,31,34.70515000,-80.714338890000,0,12,6,0,2,2,0,1,1,1,0,1,0,0000000,99,99,99,99,99,99,0,0,0,1,0
45,450081,2,2,0,0,0,3,3,83,0,12,2,2016,6,6,5,0,2,4,1,3,SR-290,,0,34.89910000,-82.093602780000,0,12,2,0,1,1,0,1,3,1,0,1,0,0000000,99,99,99,99,99,99,0,0,0,3,0
45,450082,2,2,0,0,0,2,2,29,0,12,2,2016,6,5,42,0,1,3,1,2,US-17,,0,32.93429167,-80.564986110000,0,12,2,0,1,1,0,1,2,10,0,10,0,0000000,99,99,99,99,99,99,0,0,0,1,0
45,450083,2,2,0,0,0,3,3,51,0,12,2,2016,6,23,10,0,1,4,1,3,SR-24,CR-GUMTREE RD,194,33.93226389,-79.220666670000,0,12,6,0,2,3,0,1,2,1,0,1,0,0000000,99,99,99,99,99,99,0,0,0,2,0
45,450084,1,1,0,0,0,1,1,83,0,12,2,2016,6,23,28,0,1,4,1,3,SR-771,,0,34.99920000,-82.011505560000,0,34,0,0,1,1,0,4,3,1,0,1,0,0000000,99,99,99,99,99,99,0,0,0,1,1
45,450085,2,2,0,0,0,3,3,83,0,13,2,2016,7,11,36,0,2,7,2,4,CR-WHITLOCK STREET,CR- RUBY DRIVE,0,34.95978056,-81.958847220000,0,12,6,0,2,2,0,1,1,1,0,1,0,0000000,99,99,99,99,99,99,0,0,0,1,0
45,450086,2,2,0,0,0,2,2,21,0,13,2,2016,7,13,40,0,1,4,1,3,SR-198,,34,35.16957778,-81.515186110000,0,12,7,0,1,1,0,1,1,1,0,1,0,0000000,88,88,88,88,88,88,0,0,0,1,1
45,450087,2,2,0,1,1,2,2,27,0,17,1,2016,1,20,36,1,1,1,1,1,I-95,,0,33.50171944,-80.457258330000,0,12,1,0,1,1,0,1,2,1,0,1,0,0000000,99,99,99,99,99,99,23,0,0,1,0
45,450088,1,1,0,0,0,3,3,31,0,14,2,2016,1,3,25,0,1,4,1,3,SR-133,,116,34.48567500,-79.852908330000,0,42,0,0,1,1,0,4,2,1,0,1,0,0000000,99,99,99,99,99,99,0,0,0,1,1
45,450089,1,1,0,0,0,1,1,3,0,14,2,2016,1,14,5,0,1,4,1,3,SR-113,,0,33.43315278,-81.504141670000,0,1,0,0,1,1,0,1,1,1,0,1,0,0000000,88,88,88,88,88,88,0,0,0,1,0
45,450090,3,1,2,2,2,1,1,45,0,15,2,2016,2,19,30,1,2,1,1,1,I-385,,402,34.85839167,-82.347102780000,0,14,0,0,1,1,0,5,2,2,0,2,0,0000000,99,99,99,99,99,99,23,0,0,1,0
45,450091,2,2,0,0,0,2,2,45,0,15,2,2016,2,20,19,0,2,4,1,3,SR-1164,,0,34.82958889,-82.318552780000,0,12,2,0,1,1,0,1,2,2,0,2,0,0000000,99,99,99,99,99,99,0,0,0,1,0
45,450092,2,2,0,0,0,3,3,45,0,15,2,2016,2,15,30,0,2,4,1,3,SR-22,,48,34.94911111,-82.364361110000,0,12,2,0,1,1,0,1,1,3,0,3,0,0000000,99,99,99,99,99,99,0,0,0,1,0
45,450093,1,1,0,0,0,1,1,73,0,16,2,2016,3,5,50,0,1,4,1,3,SR-11,,0,34.83880000,-83.037597220000,0,24,0,0,1,1,0,4,2,1,0,1,0,0000000,99,99,99,99,99,99,0,0,0,1,0
45,450094,1,1,0,0,0,1,1,13,0,17,2,2016,4,12,10,0,2,4,1,3,SR-170,,234,32.42248056,-80.734961110000,0,33,0,0,1,1,0,4,1,1,0,1,0,0000000,88,88,88,88,88,88,0,0,0,1,0
45,450095,2,2,0,0,0,2,2,7,0,18,2,2016,5,4,30,0,2,5,1,3,SR-81,SR-153,435,34.78867222,-82.482277780000,0,12,6,0,2,2,0,1,3,1,0,1,0,0000000,99,99,99,99,99,99,20,0,0,1,0
45,450096,1,1,0,0,0,1,1,83,430,18,2,2016,5,23,50,0,2,4,1,3,SR-190,,0,35.08187778,-81.892441670000,0,30,0,0,1,1,0,4,6,1,0,1,0,0000000,99,99,99,99,99,99,20,0,0,1,1
45,450097,1,1,0,0,0,1,1,69,0,18,2,2016,5,12,0,0,1,5,1,3,SR-22,,34,34.64966944,-79.602152780000,0,34,0,0,1,1,0,4,1,1,0,1,0,0000000,99,99,99,99,99,99,0,0,0,1,0
45,450098,1,1,0,1,1,1,1,61,0,19,2,2016,6,3,13,1,1,1,1,1,I-20,,1226,34.19650556,-80.113052780000,0,8,0,0,1,1,0,1,2,1,0,1,0,0000000,99,99,99,99,99,99,0,0,0,1,0
45,450099,1,1,0,0,0,1,1,45,0,19,2,2016,6,2,14,0,2,4,1,3,SR-63,,0,34.85126944,-82.483450000000,0,34,0,0,1,1,0,4,6,1,0,1,0,0000000,88,88,88,88,88,88,0,0,0,1,1
45,450100,1,1,0,0,0,1,1,41,0,19,2,2016,6,22,40,0,1,7,1,3,SR-106,,84,34.08409444,-79.939358330000,0,1,0,0,1,1,0,5,2,1,0,1,0,0000000,88,88,88,88,88,88,0,0,0,1,0
45,450101,1,1,0,0,0,1,1,75,0,22,2,2016,2,11,40,0,2,7,1,3,SR-796,,8,33.49580556,-80.818436110000,0,42,0,0,1,1,0,4,1,1,0,1,0,0000000,88,88,88,88,88,88,0,0,0,1,0
45,450102,3,3,0,0,0,4,4,69,0,24,2,2016,4,12,10,0,1,5,1,3,SR-30,SR-55,51,34.70933611,-79.763063890000,0,12,6,0,2,2,0,1,1,1,0,1,1,0000000,99,99,99,99,99,99,0,0,0,1,0
45,450103,1,1,0,0,0,1,1,79,0,25,2,2016,5,5,30,0,1,3,1,3,SR-48,,229,33.84210833,-80.734008330000,0,35,0,0,1,1,4,4,6,99,0,99,0,0000000,88,88,88,88,88,88,0,0,0,1,1
45,450104,1,1,0,0,0,1,1,1,0,25,2,2016,5,10,45,0,1,4,1,3,SR-71,,96,34.19493056,-82.475333330000,0,35,0,0,1,1,0,4,1,1,0,1,0,0000000,88,88,88,88,88,88,0,0,0,1,0