STATE,ST_CASE,VE_TOTAL,VE_FORMS,PVH_INVL,PEDS,PERNOTMVIT,PERMVIT,PERSONS,COUNTY,CITY,DAY,MONTH,YEAR,DAY_WEEK,HOUR,MINUTE,NHS,RUR_URB,FUNC_SYS,RD_OWNER,ROUTE,TWAY_ID,TWAY_ID2,MILEPT,LATITUDE,LONGITUD,SP_JUR,HARM_EV,MAN_COLL,RELJCT1,RELJCT2,TYP_INT,WRK_ZONE,REL_ROAD,LGT_COND,WEATHER1,WEATHER2,WEATHER,SCH_BUS,RAIL,NOT_HOUR,NOT_MIN,ARR_HOUR,ARR_MIN,HOSP_HR,HOSP_MN,CF1,CF2,CF3,FATALS,DRUNK_DR
45,450731,3,3,0,0,0,4,4,63,0,21,10,2016,6,5,58,1,1,1,1,1,I-20,,465,33.90041944,-81.344200000000,0,1,0,0,1,1,0,1,2,1,0,1,0,0000000,88,88,88,88,88,88,0,0,0,1,0
45,450732,1,1,0,0,0,1,1,13,0,22,10,2016,7,11,20,0,1,5,1,3,SR-33,,85,32.67396111,-80.803600000000,0,7,0,0,1,1,0,1,1,1,0,1,0,0000000,99,99,99,99,99,99,0,0,0,1,0
45,450733,1,1,0,0,0,2,2,35,0,22,10,2016,7,4,35,1,1,1,1,1,I-26,,1715,33.29033056,-80.519738890000,0,42,0,0,1,1,0,3,2,1,0,1,0,0000000,99,99,99,99,99,99,0,0,0,1,0
45,450734,1,1,0,0,0,1,1,85,0,22,10,2016,7,3,0,0,1,3,1,2,US-76,,0,33.95293889,-80.574888890000,0,42,0,0,1,1,0,3,2,1,0,1,0,0000000,88,88,88,88,88,88,0,0,0,1,1
45,450735,1,1,0,0,0,2,2,85,0,22,10,2016,7,17,15,1,1,1,1,1,I-95,,1352,33.91998889,-80.078838890000,0,1,0,0,1,1,0,1,1,1,0,1,0,0000000,99,99,99,99,99,99,0,0,0,1,0
45,450736,1,1,0,0,0,1,1,59,0,22,10,2016,7,21,38,1,1,3,1,2,US-221,CR-RIDGEWOOD COVE,3,34.28603056,-82.054988890000,0,33,0,0,3,3,0,4,2,1,0,1,0,0000000,99,99,99,99,99,99,0,0,0,1,1
45,450737,1,1,0,0,0,2,2,41,0,22,10,2016,7,13,30,0,1,5,1,3,SR-56,,40,33.91243889,-79.762019440000,0,34,0,0,1,1,0,4,1,1,0,1,0,0000000,99,99,99,99,99,99,0,0,0,1,0
45,450738,2,2,0,0,0,5,5,51,0,23,10,2016,1,20,10,0,2,3,1,2,US-17,SR-264,0,33.70680000,-78.920600000000,0,12,6,0,2,2,0,1,3,1,0,1,0,0000000,99,99,99,99,99,99,0,0,0,1,1
45,450739,2,2,0,0,0,4,4,23,0,23,10,2016,1,0,30,0,1,3,1,3,SR-72,,195,34.73745833,-81.173258330000,0,12,2,0,1,1,0,1,2,1,0,1,0,0000000,99,99,99,99,99,99,0,0,0,3,1
45,450740,1,1,0,0,0,1,1,83,0,23,10,2016,1,4,7,0,1,4,1,3,SR-296,CR-S HAMMETT RD,0,34.86036944,-82.131741670000,0,30,0,0,3,2,0,4,3,1,0,1,0,0000000,88,88,88,88,88,88,0,0,0,1,1
45,450741,1,1,0,0,0,1,1,19,1805,23,10,2016,1,18,22,1,2,1,1,1,I-26,,2163,32.84182778,-79.969302780000,0,23,0,0,1,1,0,4,1,1,0,1,0,0000000,88,88,88,88,88,88,0,0,0,1,1
45,450742,2,2,0,0,0,2,2,23,0,24,10,2016,2,15,25,0,1,4,1,3,SR-16,SR-171,39,34.65468056,-81.238350000000,0,12,6,0,2,3,0,1,1,1,0,1,1,0000000,88,88,88,88,88,88,0,0,0,1,0
45,450743,2,2,0,0,0,3,3,71,0,24,10,2016,2,21,37,0,1,3,1,2,US-76,CR-HUNTING CREEK,157,34.25045000,-81.572650000000,0,12,6,0,2,2,0,1,3,1,0,1,0,0000000,88,88,88,88,88,88,0,0,0,1,0
45,450744,1,1,0,0,0,3,3,57,1350,25,10,2016,3,12,50,0,2,4,2,2,US-521,SR-788,0,34.54194444,-80.582222220000,0,42,0,0,3,4,0,4,1,1,0,1,0,0000000,99,99,99,99,99,99,0,0,0,1,0
45,450745,1,1,0,0,0,2,2,45,0,25,10,2016,3,4,25,0,1,4,1,3,SR-14,,0,34.97928889,-82.243780560000,0,52,0,0,1,1,0,4,3,1,0,1,0,0000000,88,88,88,88,88,88,0,0,0,2,1
45,450746,1,1,0,0,0,7,7,83,0,26,10,2016,4,16,55,0,1,7,2,4,CR-WILLOWOOD DRIVE,,0,35.00240000,-82.015569440000,0,72,0,0,1,1,0,1,1,1,0,1,0,0000000,99,99,99,99,99,99,0,0,0,1,0
45,450747,2,2,0,0,0,2,2,55,0,26,10,2016,4,0,0,0,1,3,1,2,US-1,,247,34.35398889,-80.484361110000,0,12,2,0,1,1,0,1,2,1,0,1,0,0000000,88,88,88,88,88,88,0,0,0,2,1
45,450748,2,2,0,0,0,3,3,31,0,28,10,2016,6,6,15,0,1,4,2,3,SR-46,SR-711,32,34.13828056,-79.985311110000,0,12,6,0,2,2,0,1,2,5,0,5,0,0000000,99,99,99,99,99,99,0,0,0,1,0
45,450749,2,2,0,0,0,2,2,83,0,28,10,2016,6,22,59,0,1,3,1,2,US-29,,19,34.95071111,-82.189138890000,0,12,1,0,1,1,0,1,3,1,0,1,0,0000000,88,88,88,88,88,88,0,0,0,1,1
45,450750,2,2,0,0,0,3,3,83,0,1,10,2016,7,15,45,0,1,4,1,3,SR-44,CR-MILLIKEN STREET,0,34.96981111,-81.909111110000,0,12,1,0,2,3,0,1,1,1,0,1,0,0000000,99,99,99,99,99,99,0,0,0,1,0
45,450751,1,1,0,1,1,1,1,19,0,13,10,2016,5,5,13,1,2,3,1,3,SR-517,,0,32.79828056,-79.794319440000,0,8,0,0,1,1,0,3,2,1,0,1,0,0000000,99,99,99,99,99,99,23,0,0,1,0
45,450752,1,1,0,1,1,1,1,51,540,29,10,2016,7,0,35,0,2,3,1,3,SR-544,,0,33.79831944,-79.018588890000,0,8,0,0,1,1,0,1,6,98,0,98,0,0000000,99,99,99,99,99,99,0,0,0,1,0
45,450753,1,1,0,0,0,2,2,37,0,29,10,2016,7,2,35,0,1,4,1,3,SR-121,,0,33.76921944,-81.836580560000,0,35,0,0,1,1,0,4,2,1,0,1,0,0000000,99,99,99,99,99,99,0,0,0,1,1
45,450754,1,1,0,0,0,1,1,75,0,29,10,2016,7,11,12,0,1,4,1,3,SR-39,,8,33.36531944,-80.854661110000,0,42,0,0,1,1,0,4,1,1,0,1,0,0000000,99,99,99,99,99,99,0,0,0,1,0
45,450755,2,2,0,0,0,3,3,91,0,29,10,2016,7,14,35,0,1,4,1,3,SR-49,,0,35.05703056,-81.124980560000,0,12,2,0,1,1,0,1,1,1,0,1,0,0000000,99,99,99,99,99,99,0,0,0,1,0
45,450756,1,1,0,1,1,1,1,45,0,30,10,2016,1,0,30,0,2,6,1,3,SR-1025,,3,34.86451111,-82.260061110000,0,8,0,0,1,1,0,1,2,1,0,1,0,0000000,88,88,88,88,88,88,0,0,0,1,0
45,450757,1,1,0,0,0,1,1,31,0,30,10,2016,1,1,15,0,1,7,1,3,SR-410,SR-411,8,34.44163056,-79.856638890000,0,42,0,0,3,4,0,4,2,1,0,1,0,0000000,88,88,88,88,88,88,0,0,0,1,1
45,450758,1,1,0,0,0,2,2,85,0,30,10,2016,1,19,8,0,1,4,1,3,SR-763,,10,33.89451111,-80.502680560000,0,35,0,0,1,1,0,4,2,1,0,1,0,0000000,99,99,99,99,99,99,0,0,0,1,1
45,450759,1,1,0,0,0,1,1,43,0,30,10,2016,1,22,55,0,1,4,1,3,SR-4,,136,33.59830000,-79.332511110000,0,34,0,0,1,1,0,4,2,1,0,1,0,0000000,88,88,88,88,88,88,0,0,0,1,0
45,450760,1,1,0,0,0,1,1,7,0,30,10,2016,1,23,6,0,2,3,1,3,SR-28,,104,34.45423889,-82.623938890000,0,42,0,0,1,1,0,5,2,1,0,1,0,0000000,88,88,88,88,88,88,0,0,0,1,0
45,450761,1,1,0,0,0,1,1,3,0,31,10,2016,2,5,30,1,1,1,1,1,I-20,,0,33.76386111,-81.511169440000,0,1,0,0,1,1,0,3,2,1,0,1,0,0000000,88,88,88,88,88,88,0,0,0,1,0
45,450762,1,1,0,1,1,1,1,35,2530,20,10,2016,5,20,15,0,1,4,1,3,SR-199,CR-TIMBER LANE,22,32.96393056,-80.166080560000,0,8,0,0,8,1,0,1,6,1,0,1,0,0000000,88,88,88,88,88,88,0,0,0,1,0
45,450763,1,1,0,1,1,1,1,13,1145,1,11,2016,3,14,30,0,2,3,2,2,US-278,,0,32.18115000,-80.723138890000,0,9,0,0,1,1,0,1,1,10,0,10,0,0000000,99,99,99,99,99,99,0,0,0,1,0
45,450764,1,1,0,0,0,1,1,91,0,1,11,2016,3,16,25,0,1,4,1,3,SR-101,,27,34.86356944,-81.129780560000,0,34,0,0,1,1,0,4,1,1,0,1,0,0000000,88,88,88,88,88,88,0,0,0,1,1
45,450765,1,1,0,0,0,1,1,75,0,2,11,2016,4,17,30,0,1,4,1,2,US-176,,212,33.29093889,-80.366850000000,0,42,0,0,1,1,0,5,1,1,0,1,0,0000000,88,88,88,88,88,88,0,0,0,1,1
45,450766,2,2,0,0,0,2,2,45,0,2,11,2016,4,15,2,0,2,4,1,3,SR-21,,30,34.89591944,-82.366850000000,0,12,6,0,8,1,0,1,1,1,0,1,0,0000000,88,88,88,88,88,88,0,0,0,1,0
45,450767,1,1,0,0,0,1,1,35,0,2,11,2016,4,11,48,0,1,3,1,2,US-17,,0,32.94821111,-80.313400000000,0,34,0,0,1,1,0,4,1,1,0,1,0,0000000,88,88,88,88,88,88,0,0,0,1,0
45,450768,2,2,0,0,0,4,4,91,0,3,11,2016,5,19,52,0,1,4,1,3,SR-31,,33,34.92006111,-80.917580560000,0,7,0,0,1,1,0,1,2,1,0,1,0,0000000,99,99,99,99,99,99,0,0,0,1,0
45,450769,1,1,0,0,0,1,1,89,0,4,11,2016,6,0,50,1,1,3,1,2,US-521,,32,33.50867778,-79.630788890000,0,34,0,0,1,1,0,4,6,1,0,1,0,0000000,88,88,88,88,88,88,0,0,0,1,1
45,450770,1,1,0,0,0,1,1,37,0,4,11,2016,6,11,45,0,1,4,1,3,SR-140,,0,33.95261111,-81.967730560000,0,23,0,0,1,1,0,4,1,1,0,1,0,0000000,88,88,88,88,88,88,0,0,0,1,0
45,450771,2,2,0,0,0,6,6,75,1870,4,11,2016,6,22,42,0,2,3,1,2,US-601,SR-78,0,33.47555556,-80.852552780000,0,12,6,0,2,3,0,1,3,1,0,1,0,0000000,99,99,99,99,99,99,20,0,0,1,1
45,450772,2,2,0,0,0,2,2,15,0,5,11,2016,7,6,10,0,1,4,1,2,US-176,,110,33.17405000,-80.207580560000,0,12,1,0,8,1,0,1,4,1,0,1,0,0000000,99,99,99,99,99,99,0,0,0,1,0
45,450773,1,1,0,0,0,1,1,3,0,5,11,2016,7,18,4,0,2,5,1,3,SR-67,,27,33.52088889,-81.892100000000,0,1,0,0,1,1,0,4,1,1,0,1,0,0000000,99,99,99,99,99,99,0,0,0,1,1
45,450774,2,2,0,0,0,3,3,7,0,5,11,2016,7,6,30,1,1,1,1,1,I-85,,352,34.73548611,-82.487047220000,0,12,1,0,1,1,0,1,2,1,0,1,0,0000000,88,88,88,88,88,88,0,0,0,1,1
45,450775,1,1,0,0,0,4,4,19,410,6,11,2016,1,5,40,0,2,4,1,3,SR-7,CR-DURHAM PLACE,0,32.82719444,-79.990194440000,0,42,0,0,3,4,0,4,3,1,0,1,0,0000000,99,99,99,99,99,99,0,0,0,2,0
45,450776,1,1,0,1,1,1,1,11,0,10,9,2016,7,23,55,0,2,4,1,3,SR-64,,41,33.24046111,-81.401311110000,0,9,0,0,1,1,0,1,2,1,0,1,0,0000000,99,99,99,99,99,99,0,0,0,1,1
45,450777,1,1,0,1,1,2,2,79,520,20,10,2016,5,5,15,0,2,4,1,3,SR-555,SR-1605,41,34.05868889,-80.997888890000,0,33,0,0,3,3,0,4,3,1,0,1,0,0000000,99,99,99,99,99,99,0,0,0,1,1
45,450778,2,1,1,0,0,1,1,19,410,6,11,2016,1,23,18,1,2,3,1,2,US-17,,273,32.78411111,-79.998027780000,0,42,0,0,1,1,0,4,3,1,0,1,0,0000000,88,88,88,88,88,88,0,0,0,1,1
45,450779,1,1,0,1,1,2,2,59,1010,6,11,2016,1,0,45,0,1,4,1,3,SR-14,,98,34.61041944,-82.115730560000,0,8,0,0,1,1,0,1,2,1,0,1,0,0000000,88,88,88,88,88,88,0,0,0,1,0
45,450780,2,2,0,0,0,3,3,41,0,6,11,2016,1,20,10,0,1,4,1,3,SR-107,CR-DARDEN DRIVE,0,34.14854444,-79.841113890000,0,12,6,0,2,3,0,1,2,1,0,1,0,0000000,99,99,99,99,99,99,0,0,0,1,0
45,450781,1,1,0,0,0,1,1,15,0,7,11,2016,2,23,15,0,1,4,1,2,US-176,,145,33.14248056,-80.160938890000,0,43,0,0,1,1,0,5,6,1,0,1,0,0000000,99,99,99,99,99,99,0,0,0,1,0
45,450782,1,1,0,2,2,1,1,59,0,7,11,2016,2,19,30,1,1,2,1,2,US-221,,3,34.28038056,-82.058180560000,0,8,0,0,1,1,0,1,3,1,0,1,0,0000000,99,99,99,99,99,99,0,0,0,1,0
45,450783,1,1,0,0,0,1,1,39,0,7,11,2016,2,14,40,0,1,4,1,3,SR-901,,6,34.52051111,-81.018300000000,0,35,0,0,1,1,0,4,1,1,0,1,0,0000000,88,88,88,88,88,88,0,0,0,1,1
45,450784,1,1,0,0,0,1,1,1,0,7,11,2016,2,11,5,0,1,7,1,3,SR-75,,22,34.21858056,-82.337530560000,0,32,0,0,1,1,0,4,1,1,0,1,0,0000000,88,88,88,88,88,88,0,0,0,1,0
45,450785,1,1,0,0,0,1,1,75,0,7,11,2016,2,14,42,1,1,1,1,1,I-26,,1685,33.31851111,-80.547650000000,0,21,0,0,1,1,0,3,1,1,0,1,0,0000000,99,99,99,99,99,99,0,0,0,1,0
45,450786,1,1,0,0,0,2,2,51,0,8,11,2016,3,1,48,0,1,4,1,3,SR-165,,0,33.87038056,-79.085800000000,0,34,0,0,1,1,0,4,2,1,0,1,0,0000000,99,99,99,99,99,99,0,0,0,1,1
45,450787,2,2,0,0,0,2,2,69,0,8,11,2016,3,14,25,0,1,5,1,3,SR-17,,45,34.67407500,-79.617258330000,0,12,2,0,1,1,0,1,1,1,0,1,0,0000000,99,99,99,99,99,99,0,0,0,1,0
45,450788,1,1,0,0,0,1,1,79,0,8,11,2016,3,17,0,1,1,2,1,2,US-76,,377,33.94241111,-80.778930560000,0,42,0,0,1,1,0,4,1,1,0,1,0,0000000,99,99,99,99,99,99,0,0,0,1,1
45,450789,3,3,0,0,0,3,3,41,0,8,11,2016,3,18,24,0,1,3,1,2,US-76,SR-53,12,34.08524167,-80.027708330000,0,12,6,0,2,2,0,1,2,1,0,1,0,0000000,88,88,88,88,88,88,0,0,0,1,0
45,450790,1,1,0,1,1,1,1,63,0,8,11,2016,3,21,35,0,1,3,1,2,US-178,,0,33.78588056,-81.412088890000,0,8,0,0,1,1,0,1,2,1,0,1,0,0000000,88,88,88,88,88,88,0,0,0,1,0
45,450791,3,3,0,0,0,4,4,83,0,10,11,2016,5,15,7,1,2,1,1,1,I-26,,189,34.96423056,-82.005280560000,0,26,0,0,1,1,0,3,1,1,0,1,0,0000000,99,99,99,99,99,99,0,0,0,1,1
45,450792,2,2,0,0,0,2,2,47,1050,10,11,2016,5,18,23,0,2,3,1,3,SR-72,,41,34.21051944,-82.179811110000,0,12,1,0,1,1,0,1,3,1,0,1,0,0000000,99,99,99,99,99,99,0,0,0,1,0
45,450793,2,2,0,0,0,2,2,29,0,10,11,2016,5,16,20,0,1,4,1,2,US-17,SR-136,0,32.94326111,-80.490161110000,0,12,1,0,2,3,0,1,1,1,0,1,0,0000000,99,99,99,99,99,99,0,0,0,1,0
45,450794,2,2,0,0,0,4,4,21,0,12,11,2016,7,7,6,0,1,4,1,3,SR-5,,0,35.10908889,-81.473361110000,0,12,2,0,1,1,0,1,1,1,0,1,0,0000000,99,99,99,99,99,99,0,0,0,1,0
45,450795,2,2,0,0,0,2,2,75,0,12,11,2016,7,12,50,0,1,3,1,3,SR-70,SR-1343,69,33.42598889,-80.989438890000,0,12,6,0,2,2,0,1,1,1,0,1,0,0000000,99,99,99,99,99,99,0,0,0,1,0
45,450796,1,1,0,0,0,1,1,83,0,12,11,2016,7,15,54,0,1,4,1,3,SR-40,,0,35.01078333,-82.074808330000,0,53,0,0,1,1,0,4,1,1,0,1,0,0000000,99,99,99,99,99,99,0,0,0,1,0
45,450797,1,1,0,0,0,1,1,39,0,12,11,2016,7,15,55,0,1,5,1,3,SR-63,,21,34.27576111,-81.109850000000,0,35,0,0,1,1,0,4,1,1,0,1,0,0000000,88,88,88,88,88,88,0,0,0,1,1
45,450798,2,2,0,0,0,3,3,3,0,12,11,2016,7,16,55,0,2,7,1,3,SR-1253,SR-175,1,33.57303056,-81.726169440000,0,12,6,0,2,2,0,1,3,1,0,1,0,0000000,99,99,99,99,99,99,0,0,0,1,0
45,450799,1,1,0,0,0,3,3,3,0,12,11,2016,7,22,10,0,1,4,1,3,SR-737,,0,33.41473056,-81.697338890000,0,53,0,0,1,1,0,5,3,1,0,1,0,0000000,99,99,99,99,99,99,0,0,0,1,1
45,450800,1,1,0,0,0,1,1,79,0,13,11,2016,1,5,0,1,2,1,1,1,I-26,,979,34.12443056,-81.201261110000,0,42,0,0,1,1,0,3,2,2,0,2,0,0000000,88,88,88,88,88,88,0,0,0,1,1
45,450801,1,1,0,0,0,1,1,87,0,13,11,2016,1,16,30,0,1,4,1,3,SR-4,,23,34.77838889,-81.608061110000,0,42,0,0,1,1,0,4,1,1,0,1,0,0000000,88,88,88,88,88,88,0,0,0,1,0
45,450802,1,1,0,0,0,1,1,83,0,13,11,2016,1,16,42,0,1,4,1,3,SR-43,,0,35.06153056,-81.982919440000,0,11,0,0,1,1,0,1,1,1,0,1,0,0000000,99,99,99,99,99,99,0,0,0,1,0
45,450803,2,2,0,0,0,4,4,7,0,14,11,2016,2,19,0,0,1,7,2,4,CR-BLACKMON RD,SR-161,0,34.59691111,-82.732169440000,0,12,6,0,2,2,0,1,2,1,0,1,0,0000000,99,99,99,99,99,99,0,0,0,1,0
45,450804,3,3,0,0,0,3,3,47,0,15,11,2016,3,20,5,1,1,2,1,2,US-221,,231,34.26331944,-82.084411110000,0,12,1,0,1,1,0,1,2,1,0,1,0,0000000,99,99,99,99,99,99,0,0,0,1,0
45,450805,1,1,0,0,0,4,4,15,0,12,11,2016,7,1,40,0,1,4,1,3,SR-351,,0,33.36913889,-79.917019440000,0,34,0,0,1,1,0,4,2,1,0,1,0,0000000,99,99,99,99,99,99,0,0,0,1,0
45,450806,1,1,0,1,1,1,1,45,0,17,11,2016,5,0,50,0,1,4,1,3,SR-291,DR-E GNATT STREET,0,34.77338056,-82.383388890000,0,15,0,0,1,1,0,1,2,1,0,1,0,0000000,88,88,88,88,88,88,0,0,0,1,0
45,450807,1,1,0,0,0,1,1,29,0,17,11,2016,5,20,38,0,1,4,1,3,SR-303,,0,32.81766389,-80.639286110000,0,42,0,0,1,1,0,4,2,5,0,5,0,0000000,88,88,88,88,88,88,0,0,0,1,1
45,450808,1,1,0,1,1,4,4,75,0,18,11,2016,6,18,15,0,1,4,1,4,CR-LAQUINTA DRIVE,,0,33.47605833,-80.814508330000,0,8,0,0,8,1,0,1,2,1,0,1,0,0000000,99,99,99,99,99,99,0,0,0,1,0
45,450809,2,2,0,1,1,2,2,63,0,18,11,2016,6,20,4,1,1,1,1,1,I-26,,912,34.17463889,-81.316750000000,0,8,0,0,1,1,0,1,2,1,0,1,0,0000000,88,88,88,88,88,88,0,0,0,1,0
45,450810,1,1,0,0,0,1,1,79,0,19,11,2016,7,4,40,0,2,4,1,3,SR-222,,33,33.94983889,-80.901500000000,0,42,0,0,1,1,0,5,2,1,0,1,0,0000000,99,99,99,99,99,99,0,0,0,1,1
45,450811,2,2,0,0,0,2,2,7,0,19,11,2016,7,9,45,0,2,3,1,2,US-29,SR-355,135,34.48803056,-82.657130560000,0,12,6,0,2,2,0,1,1,1,0,1,0,0000000,88,88,88,88,88,88,0,0,0,1,0
45,450812,1,1,0,0,0,3,3,79,0,19,11,2016,7,20,18,0,2,6,1,3,SR-1281,,25,34.09701944,-81.078838890000,0,42,0,0,1,1,0,4,1,1,0,1,0,0000000,99,99,99,99,99,99,0,0,0,1,1
45,450813,1,1,0,0,0,1,1,55,0,20,11,2016,1,0,45,0,1,4,1,3,SR-5,,0,34.31258056,-80.760561110000,0,34,0,0,1,1,0,4,2,1,0,1,0,0000000,88,88,88,88,88,88,0,0,0,1,1
45,450814,2,2,0,0,0,3,3,45,0,20,11,2016,1,3,40,0,1,3,1,2,US-25,,0,34.75468611,-82.392130560000,0,12,2,0,1,1,0,3,6,1,0,1,0,0000000,99,99,99,99,99,99,0,0,0,1,1
45,450815,2,2,0,0,0,5,5,53,0,20,11,2016,1,3,59,0,1,3,1,2,US-17,,0,32.10563889,-81.085400000000,0,12,2,0,1,1,0,1,2,1,0,1,0,0000000,99,99,99,99,99,99,0,0,0,1,2
45,450816,13,3,10,0,0,3,3,45,0,16,11,2016,4,16,38,0,1,3,1,2,US-25,,0,34.83931944,-82.444630560000,0,12,6,0,1,1,0,1,1,1,0,1,0,0000000,99,99,99,99,99,99,14,0,0,1,0
45,450817,1,1,0,1,1,1,1,13,0,21,11,2016,2,6,30,0,1,3,1,2,US-278,,0,32.24968056,-80.837200000000,0,9,0,0,1,1,0,4,4,1,0,1,0,0000000,99,99,99,99,99,99,0,0,0,1,0
45,450818,1,1,0,0,0,2,2,77,0,22,11,2016,3,23,50,0,1,4,1,3,SR-133,,0,34.73833889,-82.830238890000,0,32,0,0,1,1,0,5,2,1,0,1,0,0000000,99,99,99,99,99,99,0,0,0,1,0
45,450819,1,1,0,1,1,1,1,45,0,22,11,2016,3,18,40,0,1,3,1,2,US-25,,0,34.80748889,-82.434580560000,0,8,0,0,1,1,0,1,6,1,0,1,0,0000000,88,88,88,88,88,88,0,0,0,1,0
45,450820,2,2,0,0,0,3,3,83,2460,23,11,2016,4,9,40,0,2,3,1,2,US-176,SR-126,0,34.96788056,-81.933661110000,0,12,6,0,2,2,0,1,1,1,0,1,0,0000000,99,99,99,99,99,99,0,0,0,1,0
45,450821,1,1,0,1,1,1,1,75,0,23,11,2016,4,18,0,0,1,4,1,3,SR-210,,0,33.33266111,-80.708561110000,0,8,0,0,1,1,0,1,2,1,0,1,0,0000000,99,99,99,99,99,99,0,0,0,1,1
45,450822,2,2,0,0,0,2,2,13,0,23,11,2016,4,19,12,0,1,4,1,3,SR-116,SR-86,14,32.45353056,-80.766430560000,0,12,6,0,2,3,0,1,2,1,0,1,0,0000000,88,88,88,88,88,88,0,0,0,1,0
45,450823,1,1,0,0,0,3,3,23,0,23,11,2016,4,20,0,0,1,5,1,3,SR-42,,4,34.69568056,-81.348930560000,0,1,0,0,1,1,0,4,2,1,0,1,0,0000000,99,99,99,99,99,99,0,0,0,1,0
45,450824,2,2,0,1,1,3,3,79,0,24,11,2016,5,20,50,0,1,4,1,3,SR-223,,16,33.92786111,-80.866830560000,0,8,0,0,1,1,0,1,2,1,0,1,0,0000000,88,88,88,88,88,88,0,0,0,1,0
45,450825,1,1,0,0,0,2,2,67,1630,26,11,2016,7,0,35,1,1,3,1,2,US-76,,125,34.18541667,-79.350694440000,0,42,0,0,1,1,0,4,2,1,0,1,0,0000000,99,99,99,99,99,99,0,0,0,1,0
45,450826,1,1,0,0,0,3,3,39,0,25,11,2016,6,2,0,0,1,3,1,3,SR-34,,7,34.39806944,-81.377469440000,0,30,0,0,1,1,0,4,2,1,0,1,0,0000000,99,99,99,99,99,99,0,0,0,1,1
45,450827,1,1,0,0,0,2,2,9,0,24,11,2016,5,22,0,0,1,7,2,4,CR-SQUIRREL RD,,0,33.25121944,-80.887830560000,0,1,0,0,1,1,0,4,2,1,0,1,0,0000000,99,99,99,99,99,99,0,0,0,2,1
45,450828,1,1,0,0,0,1,1,45,1634,25,11,2016,6,22,0,1,2,3,1,2,US-276,,404,34.80097778,-82.316980560000,0,1,0,0,1,1,0,4,3,1,0,1,0,0000000,88,88,88,88,88,88,0,0,0,1,1
45,450829,1,1,0,1,1,1,1,7,0,26,11,2016,7,18,7,0,2,6,1,3,SR-81,,437,34.79356944,-82.476761110000,0,9,0,0,1,1,0,1,2,1,0,1,0,0000000,99,99,99,99,99,99,0,0,0,1,0
45,450830,1,1,0,0,0,2,2,7,0,27,11,2016,1,1,20,0,1,3,1,3,SR-8,,111,34.76616944,-82.572819440000,0,24,0,0,1,1,0,4,3,1,0,1,0,0000000,99,99,99,99,99,99,0,0,0,1,1
45,450831,1,1,0,0,0,4,4,45,0,27,11,2016,1,14,15,0,1,4,1,3,SR-295,,0,34.95943056,-82.242088890000,0,35,0,0,1,1,0,4,1,1,0,1,0,0000000,99,99,99,99,99,99,0,0,0,1,0
45,450832,2,2,0,0,0,2,2,41,0,28,11,2016,2,9,0,0,1,4,1,3,SR-403,,0,33.94995000,-79.859719440000,0,12,2,0,1,1,0,1,1,1,0,1,0,0000000,99,99,99,99,99,99,0,0,0,1,0
45,450833,1,1,0,1,1,2,2,45,0,27,11,2016,1,0,5,1,2,3,1,2,US-25,,295,34.86218889,-82.462680560000,0,8,0,0,1,1,0,1,2,1,0,1,0,0000000,88,88,88,88,88,88,0,0,0,1,0
45,450834,2,2,0,0,0,2,2,51,0,29,11,2016,3,9,7,0,1,3,1,3,SR-9,,0,33.91596944,-78.720711110000,0,12,1,0,1,1,0,1,1,1,0,1,0,0000000,88,88,88,88,88,88,0,0,0,1,0