STATE,ST_CASE,VE_TOTAL,VE_FORMS,PVH_INVL,PEDS,PERNOTMVIT,PERMVIT,PERSONS,COUNTY,CITY,DAY,MONTH,YEAR,DAY_WEEK,HOUR,MINUTE,NHS,RUR_URB,FUNC_SYS,RD_OWNER,ROUTE,TWAY_ID,TWAY_ID2,MILEPT,LATITUDE,LONGITUD,SP_JUR,HARM_EV,MAN_COLL,RELJCT1,RELJCT2,TYP_INT,WRK_ZONE,REL_ROAD,LGT_COND,WEATHER1,WEATHER2,WEATHER,SCH_BUS,RAIL,NOT_HOUR,NOT_MIN,ARR_HOUR,ARR_MIN,HOSP_HR,HOSP_MN,CF1,CF2,CF3,FATALS,DRUNK_DR
45,450835,1,1,0,0,0,2,2,31,0,29,11,2016,3,18,35,0,2,4,1,3,SR-179,SR-1261,72,34.25535000,-79.781538890000,0,59,0,0,3,3,0,4,2,2,0,2,0,0000000,99,99,99,99,99,99,0,0,0,1,1
45,450836,1,1,0,0,0,1,1,35,0,29,11,2016,3,7,2,1,1,1,1,1,I-26,,0,33.31056111,-80.540488890000,0,42,0,0,1,1,0,4,1,1,0,1,0,0000000,88,88,88,88,88,88,0,0,0,1,0
45,450837,1,1,0,0,0,1,1,89,0,29,11,2016,3,0,46,0,1,7,1,3,SR-186,,0,33.72129722,-79.807713890000,0,10,0,0,6,1,0,1,6,1,0,1,0,633265B,88,88,88,88,88,88,0,0,0,1,0
45,450838,1,1,0,0,0,1,1,53,2150,29,11,2016,3,12,10,0,2,4,1,3,SR-462,,0,32.46726944,-80.889008330000,0,42,0,0,1,1,0,4,1,1,0,1,0,0000000,88,88,88,88,88,88,0,0,0,1,0
45,450839,1,1,0,1,1,1,1,13,0,30,11,2016,4,19,15,0,1,3,1,2,US-21,,0,32.49648056,-80.743061110000,0,8,0,0,1,1,0,1,2,1,0,1,0,0000000,99,99,99,99,99,99,0,0,0,1,0
45,450840,1,1,0,1,1,1,1,45,0,30,11,2016,4,21,49,0,2,5,1,3,SR-374,,9,34.85471111,-82.444319440000,0,8,0,0,1,1,0,4,2,1,0,1,0,0000000,88,88,88,88,88,88,0,0,0,1,1
45,450841,2,2,0,1,1,2,2,13,0,30,11,2016,4,23,20,0,1,3,1,3,SR-170,CR-BELLINGER BLUFF RD,0,32.36993056,-80.855730560000,0,9,0,0,2,2,0,1,2,2,0,2,0,0000000,99,99,99,99,99,99,0,0,0,1,0
45,450842,2,2,0,0,0,5,5,63,1430,30,11,2016,4,14,56,1,2,1,1,1,I-26,I-77,1156,33.92938056,-81.072180560000,0,12,7,0,1,1,0,1,1,1,0,1,0,0000000,99,99,99,99,99,99,0,0,0,1,0
45,450843,1,1,0,1,1,1,1,25,420,23,4,2016,7,13,15,0,2,4,1,3,SR-9,,0,77.77770000,777.777700000000,0,9,0,0,1,1,0,1,1,1,0,1,0,0000000,88,88,88,88,88,88,0,0,0,1,0
45,450844,1,1,0,0,0,2,2,3,0,4,8,2016,5,9,10,0,1,4,1,3,SR-254,CR-PINE BUTTE LANE,0,33.55453056,-81.907919440000,0,32,0,0,3,3,0,4,1,1,0,1,0,0000000,99,99,99,99,99,99,0,0,0,1,0
45,450845,2,2,0,0,0,7,7,29,0,11,11,2016,6,3,50,1,1,1,1,1,I-95,,455,32.77391944,-80.800061110000,0,12,1,0,1,1,0,1,2,1,0,1,0,0000000,99,99,99,99,99,99,0,0,0,4,0
45,450846,1,1,0,0,0,1,1,83,0,1,12,2016,5,8,50,0,1,4,1,3,SR-2005,,0,35.03476111,-81.844119440000,0,1,0,0,1,1,0,4,1,1,0,1,0,0000000,88,88,88,88,88,88,0,0,0,1,0
45,450847,2,2,0,0,0,5,5,15,0,1,12,2016,5,18,30,0,1,4,1,2,US-176,SR-135,73,33.20840000,-80.257330560000,0,12,6,0,2,2,0,1,3,1,0,1,0,0000000,99,99,99,99,99,99,0,0,0,1,0
45,450848,1,1,0,1,1,1,1,51,0,2,12,2016,6,4,10,0,1,4,1,3,SR-57,,0,33.88236944,-78.691738890000,0,8,0,0,1,1,0,1,2,1,0,1,0,0000000,88,88,88,88,88,88,0,0,0,1,0
45,450849,2,2,0,0,0,2,2,79,520,2,12,2016,6,8,35,0,2,5,1,3,SR-262,SR-69,124,34.00661944,-80.743680560000,0,12,6,0,2,3,0,1,1,1,0,1,0,0000000,99,99,99,99,99,99,0,0,0,1,1
45,450850,2,2,0,0,0,3,3,31,0,2,12,2016,6,13,45,0,1,4,1,3,SR-21,SR-244,13,34.39053056,-80.081669440000,0,12,6,0,2,3,0,1,1,1,0,1,0,0000000,99,99,99,99,99,99,0,0,0,1,0
45,450851,1,1,0,0,0,1,1,19,0,3,12,2016,7,3,51,0,2,4,1,3,SR-1442,,0,32.73121944,-80.083669440000,0,42,0,0,1,1,0,4,2,1,0,1,0,0000000,88,88,88,88,88,88,0,0,0,1,1
45,450852,2,1,1,2,2,1,1,79,0,4,12,2016,1,1,20,0,1,3,1,3,SR-48,,102,33.90323056,-80.927250000000,0,8,0,0,1,1,0,1,6,2,0,2,0,0000000,99,99,99,99,99,99,14,15,0,1,0
45,450853,2,2,0,0,0,2,2,45,0,4,12,2016,1,18,44,0,1,4,1,3,SR-183,,0,34.89050000,-82.494111110000,0,12,2,0,1,1,0,1,6,2,0,2,0,0000000,99,99,99,99,99,99,0,0,0,1,1
45,450854,1,1,0,0,0,1,1,51,0,5,12,2016,2,17,16,0,1,7,1,3,SR-568,,10,33.97268056,-78.889088890000,0,42,0,0,8,1,0,4,5,1,0,1,0,0000000,99,99,99,99,99,99,0,0,0,1,1
45,450855,2,2,0,0,0,2,2,45,0,6,12,2016,3,6,30,0,1,4,1,3,SR-20,,0,34.67920000,-82.451788890000,0,12,2,0,1,1,0,1,2,2,0,2,0,0000000,99,99,99,99,99,99,0,0,0,1,0
45,450856,1,1,0,1,1,1,1,27,0,8,12,2016,5,21,48,1,2,2,1,2,US-378,,66,33.88933889,-79.965480560000,0,8,0,0,1,1,0,1,2,1,0,1,0,0000000,88,88,88,88,88,88,0,0,0,1,0
45,450857,2,2,0,0,0,2,2,45,0,9,12,2016,6,8,30,0,1,4,1,3,SR-418,CR-SLATTON SHOALS RD,0,34.64058056,-82.335611110000,0,12,6,0,2,4,0,1,1,1,0,1,0,0000000,88,88,88,88,88,88,0,0,0,1,0
45,450858,1,1,0,0,0,1,1,79,0,9,12,2016,6,20,49,0,1,4,1,3,SR-555,,57,34.06998056,-80.980480560000,0,42,0,0,1,1,0,4,2,1,0,1,0,0000000,99,99,99,99,99,99,0,0,0,1,0
45,450859,1,1,0,0,0,2,2,83,0,10,12,2016,7,23,41,1,2,1,1,1,I-85,,705,34.97788056,-82.011088890000,0,24,0,1,5,1,0,4,2,1,0,1,0,0000000,99,99,99,99,99,99,0,0,0,1,1
45,450860,1,1,0,0,0,2,2,45,0,11,12,2016,1,22,27,0,2,6,1,3,SR-279,,31,34.92516111,-82.312280560000,0,31,0,0,1,1,0,4,2,1,0,1,0,0000000,99,99,99,99,99,99,0,0,0,1,1
45,450861,3,3,0,0,0,2,2,59,0,12,12,2016,2,1,21,1,1,1,1,1,I-385,,188,34.63828056,-82.133888890000,0,12,1,0,1,1,0,1,2,1,0,1,0,0000000,99,99,99,99,99,99,23,0,0,1,0
45,450862,2,2,0,0,0,2,2,13,0,12,12,2016,2,9,42,0,1,4,1,3,SR-170,CR- TIDE WATCH DRIVE,0,32.31148056,-80.934680560000,0,12,6,0,2,4,0,1,1,10,0,10,0,0000000,88,88,88,88,88,88,0,0,0,1,0
45,450863,2,2,0,0,0,2,2,27,0,12,12,2016,2,15,5,0,1,3,1,2,US-378,SR-18,0,33.88830000,-79.912130560000,0,12,6,0,2,4,0,1,1,1,0,1,0,0000000,88,88,88,88,88,88,0,0,0,1,1
45,450864,1,1,0,0,0,1,1,59,0,13,12,2016,3,12,45,0,1,7,2,4,CR-OLD LAURENS RD,,0,34.59353056,-82.106730560000,0,42,0,0,1,1,0,4,1,2,0,2,0,0000000,88,88,88,88,88,88,0,0,0,1,1
45,450865,1,1,0,0,0,1,1,89,0,14,12,2016,4,17,41,0,1,7,1,3,SR-469,,2,33.73966111,-79.461325000000,0,34,0,0,1,1,0,4,6,1,0,1,0,0000000,88,88,88,88,88,88,0,0,0,1,1
45,450866,1,1,0,0,0,1,1,27,0,16,12,2016,6,10,35,0,1,4,1,3,SR-261,,207,33.68291111,-80.024411110000,0,35,0,0,1,1,0,4,1,1,0,1,0,0000000,99,99,99,99,99,99,0,0,0,1,0
45,450867,1,1,0,1,1,1,1,51,0,16,12,2016,6,21,28,1,1,2,1,2,US-17,,0,33.74186111,-78.824930560000,0,8,0,0,1,1,0,1,2,2,0,2,0,0000000,88,88,88,88,88,88,0,0,0,1,0
45,450868,1,1,0,0,0,1,1,79,0,17,12,2016,7,5,50,1,2,1,1,1,I-77,,199,34.11361111,-80.961988890000,0,42,0,0,1,1,4,5,4,10,0,10,0,0000000,88,88,88,88,88,88,0,0,0,1,1
45,450869,1,1,0,0,0,1,1,63,0,17,12,2016,7,21,38,0,1,4,1,3,SR-1270,,0,33.90480000,-81.112861110000,0,34,0,0,1,1,0,4,2,1,0,1,0,0000000,88,88,88,88,88,88,0,0,0,1,1
45,450870,1,1,0,0,0,1,1,59,0,18,12,2016,1,0,27,0,1,4,1,3,SR-250,,0,34.33803056,-81.932669440000,0,42,0,0,1,1,0,5,2,1,0,1,0,0000000,88,88,88,88,88,88,0,0,0,1,1
45,450871,1,1,0,0,0,1,1,3,0,18,12,2016,1,7,22,0,2,4,1,3,SR-33,,6,33.56930000,-81.815211110000,0,59,0,0,8,1,0,4,4,10,0,10,0,0000000,88,88,88,88,88,88,0,0,0,1,1
45,450872,2,2,0,0,0,3,3,79,0,18,12,2016,1,23,29,0,1,3,1,2,US-1,,180,34.14823056,-80.827911110000,0,12,2,0,1,1,0,1,3,2,0,2,0,0000000,99,99,99,99,99,99,0,0,0,2,2
45,450873,2,2,0,1,1,2,2,35,0,20,12,2016,3,18,22,0,2,4,1,3,SR-62,SR-401,9,32.92231111,-80.095300000000,0,8,0,0,2,3,0,1,5,1,0,1,0,0000000,88,88,88,88,88,88,0,0,0,1,0
45,450874,2,1,1,0,0,1,1,91,0,19,12,2016,2,1,15,0,2,5,1,3,SR-658,,13,35.00240000,-81.059388890000,0,59,0,0,1,1,0,4,2,1,0,1,0,0000000,88,88,88,88,88,88,0,0,0,1,1
45,450875,1,1,0,0,0,2,2,45,1040,20,12,2016,3,19,54,1,2,1,1,1,I-385,,383,34.85188056,-82.330138890000,0,26,0,0,1,1,0,3,1,1,0,1,0,0000000,88,88,88,88,88,88,0,0,0,1,0
45,450876,1,1,0,1,1,2,2,89,0,20,12,2016,3,18,2,0,1,4,1,3,SR-30,,35,33.58871111,-79.708219440000,0,8,0,0,1,1,0,1,2,1,0,1,0,0000000,88,88,88,88,88,88,0,0,0,1,0
45,450877,2,2,0,0,0,2,2,53,0,20,12,2016,3,17,49,0,1,3,1,2,US-17,,0,32.17451944,-81.074188890000,0,12,8,0,1,1,0,1,1,1,0,1,0,0000000,88,88,88,88,88,88,0,0,0,1,0
45,450878,1,1,0,0,0,3,3,33,0,21,12,2016,4,15,38,0,1,4,1,3,SR-160,,0,34.31151111,-79.412969440000,0,1,0,0,1,1,0,4,1,1,0,1,0,0000000,99,99,99,99,99,99,0,0,0,1,1
45,450879,1,1,0,0,0,1,1,59,0,21,12,2016,4,23,32,0,1,4,1,3,SR-110,CR-LUCILLE DRIVE,0,34.57998056,-82.107475000000,0,35,0,0,3,3,0,4,2,1,0,1,0,0000000,88,88,88,88,88,88,0,0,0,1,0
45,450880,1,1,0,0,0,3,3,55,0,22,12,2016,5,1,10,1,1,3,1,2,US-521,SR-58,151,34.32790000,-80.602200000000,0,42,0,0,3,4,0,4,2,1,0,1,0,0000000,99,99,99,99,99,99,0,0,0,1,1
45,450881,1,1,0,0,0,3,3,51,0,22,12,2016,5,3,15,0,1,7,1,4,CR-BAY RD,,0,33.64528056,-79.042019440000,0,34,0,0,1,1,0,4,2,1,0,1,0,0000000,88,88,88,88,88,88,0,0,0,3,0
45,450882,1,1,0,0,0,3,3,85,0,22,12,2016,5,8,17,0,1,3,1,2,US-378,,0,33.89776944,-80.170750000000,0,42,0,0,1,1,0,3,1,1,0,1,0,0000000,99,99,99,99,99,99,0,0,0,1,0
45,450883,2,2,0,0,0,2,2,59,0,23,12,2016,6,12,16,0,1,7,1,4,CR-CURRY'S LAKE RD,,0,34.60616944,-82.138688890000,0,12,2,0,1,1,0,1,1,1,0,1,0,0000000,99,99,99,99,99,99,0,0,0,1,0
45,450884,2,2,0,0,0,4,4,83,0,24,12,2016,7,23,19,0,1,4,1,3,SR-9,,0,35.03193889,-81.969069440000,0,12,2,0,1,1,0,1,6,1,0,1,0,0000000,99,99,99,99,99,99,0,0,0,2,1
45,450885,1,1,0,0,0,1,1,3,0,24,12,2016,7,23,30,0,1,4,1,3,SR-779,,25,33.59143056,-81.877461110000,0,24,0,0,1,1,0,4,2,1,0,1,0,0000000,88,88,88,88,88,88,0,0,0,1,1
45,450886,2,2,0,0,0,4,4,45,0,25,12,2016,1,21,37,0,2,5,1,4,CR-STABLES RS,,8,34.77806111,-82.437594440000,0,12,2,0,1,1,0,1,2,1,0,1,0,0000000,99,99,99,99,99,99,0,0,0,1,1
45,450887,1,1,0,0,0,1,1,79,0,26,12,2016,2,0,15,1,2,1,1,1,I-26,,965,34.11403056,-81.190538890000,0,52,0,0,1,1,0,3,2,1,0,1,0,0000000,99,99,99,99,99,99,0,0,0,1,1
45,450888,1,1,0,0,0,1,1,31,0,26,12,2016,2,22,0,0,1,3,1,2,US-401,,0,34.22556944,-79.997861110000,0,32,0,0,1,1,0,4,2,10,0,10,0,0000000,88,88,88,88,88,88,0,0,0,1,1
45,450889,1,1,0,0,0,1,1,59,0,27,12,2016,3,17,57,0,1,4,1,3,SR-14,,85,34.59183889,-82.103061110000,0,35,0,0,1,1,0,4,2,1,0,1,0,0000000,88,88,88,88,88,88,0,0,0,1,0
45,450890,1,1,0,0,0,1,1,3,0,28,12,2016,4,18,50,1,1,1,1,1,I-20,,127,33.62743889,-81.808838890000,0,35,0,0,1,1,0,3,2,1,0,1,0,0000000,88,88,88,88,88,88,0,0,0,1,1
45,450891,1,1,0,1,1,1,1,45,1040,29,12,2016,5,2,45,0,2,4,2,3,SR-200,,0,34.86081111,-82.404569440000,0,8,0,0,1,1,0,1,3,2,0,2,0,0000000,88,88,88,88,88,88,0,0,0,1,0
45,450892,1,1,0,1,1,3,3,35,0,10,12,2016,7,20,6,0,2,5,1,3,SR-13,,49,33.01073889,-80.240288890000,0,8,0,0,1,1,0,1,2,1,0,1,0,0000000,88,88,88,88,88,88,0,0,0,1,0
45,450893,1,1,0,0,0,1,1,89,0,11,12,2016,1,1,1,0,1,3,1,3,SR-377,,102,33.60258889,-79.811461110000,0,42,0,0,1,1,0,4,2,1,0,1,0,0000000,88,88,88,88,88,88,0,0,0,1,1
45,450894,2,2,0,0,0,3,3,79,520,29,12,2016,5,7,50,0,2,4,1,3,SR-48,,0,33.96238056,-80.980730560000,0,12,6,0,1,1,0,1,1,2,0,2,0,0000000,99,99,99,99,99,99,0,0,0,1,0
45,450895,4,2,2,1,1,2,2,73,0,30,12,2016,6,13,40,0,2,4,1,3,SR-130,,14,34.69700000,-82.940250000000,0,12,1,0,1,1,0,1,1,1,0,1,0,0000000,99,99,99,99,99,99,0,0,0,1,0
45,450896,1,1,0,1,1,1,1,45,0,30,12,2016,6,22,49,0,2,4,1,3,SR-81,,28,34.82426944,-82.430980560000,0,8,0,0,8,1,0,1,2,1,0,1,0,0000000,88,88,88,88,88,88,0,0,0,1,0
45,450897,1,1,0,0,0,1,1,35,0,31,12,2016,7,2,15,1,1,1,1,1,I-26,,1770,33.22726111,-80.433430560000,0,42,0,0,1,1,0,3,2,1,0,1,0,0000000,88,88,88,88,88,88,0,0,0,1,1
45,450898,1,1,0,1,1,2,2,19,1805,21,8,2016,1,5,25,0,2,3,1,3,SR-642,SR-62,44,32.85443611,-80.020475000000,0,8,0,0,2,4,0,1,2,1,0,1,0,0000000,88,88,88,88,88,88,0,0,0,1,0
45,450899,2,2,0,0,0,2,2,45,1040,8,9,2016,5,21,16,1,2,3,1,2,US-123,,27,34.83361389,-82.447983330000,0,33,0,0,1,1,0,4,3,1,0,1,0,0000000,88,88,88,88,88,88,20,0,0,1,1
45,450900,1,1,0,1,1,1,1,67,0,23,9,2016,6,20,25,0,1,4,1,3,SR-41,,25,34.20818056,-79.238638890000,0,8,0,0,1,1,0,1,2,1,0,1,0,0000000,99,99,99,99,99,99,0,0,0,1,0
45,450901,3,1,2,0,0,1,1,63,370,26,9,2016,2,6,40,1,2,3,1,3,SR-302,,214,33.95276111,-81.096913890000,0,33,0,0,1,1,0,4,1,1,0,1,0,0000000,88,88,88,88,88,88,0,0,0,1,0
45,450902,2,2,0,0,0,3,3,83,2460,30,9,2016,6,8,30,0,2,5,1,3,SR-44,CR-CLINCHFIELD STREET,14,34.96518611,-81.925255560000,0,12,6,0,2,2,0,1,1,1,0,1,0,0000000,99,99,99,99,99,99,0,0,0,1,0
45,450903,1,1,0,0,0,1,1,3,0,13,10,2016,5,14,52,0,1,7,1,4,CR-CENTERWOOD RD,CR-BECK RD,0,33.48860000,-81.441469440000,0,34,0,0,3,3,0,4,1,1,0,1,0,0000000,99,99,99,99,99,99,0,0,0,1,1
45,450904,2,2,0,0,0,2,2,83,2460,20,10,2016,5,20,30,0,2,4,1,3,SR-56,SR-1259,258,34.94038889,-81.909130560000,0,12,6,0,2,3,0,1,3,1,0,1,0,0000000,88,88,88,88,88,88,0,0,0,1,1
45,450905,2,2,0,0,0,2,2,51,1825,20,10,2016,5,18,35,0,2,3,1,2,US-17,,0,33.83986111,-78.665700000000,0,12,7,0,1,1,0,1,5,1,0,1,0,0000000,88,88,88,88,88,88,0,0,0,1,0
45,450906,2,2,0,0,0,2,2,15,985,21,10,2016,6,20,49,0,2,7,1,3,SR-313,SR-393,2,32.99508889,-80.045361110000,0,12,2,0,2,3,0,1,3,1,0,1,0,0000000,99,99,99,99,99,99,0,0,0,1,0
45,450907,2,2,0,0,0,2,2,23,440,23,10,2016,1,17,30,0,2,4,2,3,SR-9,,0,34.70384444,-81.228822220000,0,12,6,0,8,1,0,1,1,1,0,1,0,0000000,99,99,99,99,99,99,0,0,0,1,1
45,450908,2,2,0,0,0,4,4,41,870,28,10,2016,6,18,45,0,2,4,1,3,SR-57,,4,34.13806111,-79.738519440000,0,12,2,0,1,1,0,1,5,1,0,1,0,0000000,99,99,99,99,99,99,0,0,0,1,0
45,450909,1,1,0,0,0,4,4,67,0,30,10,2016,1,16,5,0,1,3,1,2,US-501,,200,34.07193056,-79.283633330000,0,1,0,0,1,1,0,3,1,1,0,1,0,0000000,99,99,99,99,99,99,0,0,0,1,1
45,450910,1,1,0,1,1,1,1,79,520,2,11,2016,4,19,11,0,2,3,1,2,US-1,,0,33.99711111,-81.046769440000,0,8,0,0,1,1,0,1,3,1,0,1,0,0000000,99,99,99,99,99,99,0,0,0,1,0
45,450911,2,2,0,0,0,2,2,91,2970,12,11,2016,7,12,35,0,2,3,1,3,SR-901,SR-795,69,34.90586111,-81.035322220000,0,12,6,0,2,2,0,1,1,1,0,1,0,0000000,88,88,88,88,88,88,0,0,0,1,0
45,450912,1,1,0,1,1,2,2,29,2720,18,11,2016,6,18,40,0,1,3,1,2,US-64,SR-24,213,32.92771944,-80.686980560000,0,8,0,0,3,3,0,1,3,1,0,1,0,0000000,99,99,99,99,99,99,0,0,0,1,0
45,450913,1,1,0,0,0,1,1,19,410,20,11,2016,1,5,27,0,2,3,1,2,US-17,,0,32.84865000,-79.809269440000,0,42,0,0,1,1,0,4,4,1,0,1,0,0000000,88,88,88,88,88,88,0,0,0,1,0
45,450914,2,2,0,0,0,2,2,13,240,21,11,2016,2,17,35,0,1,3,1,3,SR-170,,19,32.24391944,-80.980330560000,0,12,2,0,1,1,0,1,2,1,0,1,0,0000000,99,99,99,99,99,99,0,0,0,1,0
45,450915,2,2,0,0,0,3,3,45,2615,21,11,2016,2,17,29,0,2,3,1,2,US-276,CR-GRANDVIEW WAY,0,34.97747222,-82.456250000000,0,12,6,0,2,2,0,1,5,1,0,1,0,0000000,99,99,99,99,99,99,0,0,0,1,0
45,450916,1,1,0,0,0,2,2,19,410,23,11,2016,4,4,0,0,2,5,1,3,SR-881,SR-1985,34,33.01393889,-80.163538890000,0,42,0,0,3,3,0,5,2,1,0,1,0,0000000,88,88,88,88,88,88,0,0,0,2,1
45,450917,1,1,0,1,1,1,1,15,0,24,11,2016,5,0,15,0,1,4,1,3,SR-1259,,0,33.04143889,-80.152788890000,0,8,0,0,1,1,0,1,2,1,0,1,0,0000000,99,99,99,99,99,99,0,0,0,1,0
45,450918,2,2,0,0,0,2,2,85,2550,25,11,2016,6,19,19,1,2,3,1,2,US-76,SR-673,134,33.96496111,-80.406761110000,0,12,6,0,2,2,0,1,6,1,0,1,0,0000000,99,99,99,99,99,99,0,0,0,1,0
45,450919,3,3,0,0,0,3,3,41,870,27,11,2016,1,14,0,0,1,4,1,3,SR-51,SR-57,0,34.14541944,-79.728238890000,0,12,6,0,2,2,0,1,1,1,0,1,0,0000000,99,99,99,99,99,99,0,0,0,1,0
45,450920,2,2,0,0,0,2,2,19,1710,18,11,2016,6,22,34,1,2,2,1,2,US-17,,340,32.80285556,-79.914458330000,0,12,1,0,1,1,0,1,3,1,0,1,0,0000000,88,88,88,88,88,88,0,0,0,1,0
45,450921,2,2,0,0,0,5,5,19,1710,2,12,2016,6,9,51,1,2,1,1,1,I-526,,0,32.82041111,-79.849011110000,0,12,1,0,1,1,0,1,1,1,0,1,0,0000000,88,88,88,88,88,88,0,0,0,1,1
45,450922,2,2,0,0,0,2,2,19,0,4,12,2016,1,21,45,0,2,3,1,2,US-78,,0,33.01959722,-80.158452780000,0,12,6,0,1,1,0,1,2,10,0,10,0,0000000,99,99,99,99,99,99,0,0,0,1,1
45,450923,1,1,0,0,0,2,2,41,870,7,12,2016,4,0,19,0,1,5,1,3,SR-24,,10,34.21416111,-79.749900000000,0,30,0,0,1,1,0,4,3,1,0,1,0,0000000,99,99,99,99,99,99,20,0,0,1,1
45,450924,1,1,0,0,0,2,2,77,700,9,12,2016,6,14,13,0,2,4,1,3,SR-221,,0,34.84063611,-82.601027780000,0,35,0,0,1,1,0,4,1,1,0,1,0,0000000,99,99,99,99,99,99,0,0,0,1,0
45,450925,2,2,0,0,0,2,2,19,1710,11,12,2016,1,16,8,1,2,3,1,3,SR-517,CR-RIVIERA DRIVE,0,32.82263056,-79.815011110000,0,12,6,0,2,3,0,1,1,1,0,1,0,0000000,99,99,99,99,99,99,0,0,0,1,1
45,450926,2,2,0,0,0,2,2,79,520,14,12,2016,4,13,50,0,2,5,1,3,SR-262,SR-2801,79,33.99848889,-80.818780560000,0,12,6,0,2,3,0,1,1,1,0,1,0,0000000,99,99,99,99,99,99,0,0,0,1,0
45,450927,1,1,0,0,0,1,1,19,410,17,12,2016,7,2,42,0,2,4,1,3,SR-700,,0,32.70173889,-80.114350000000,0,42,0,0,1,1,0,4,6,1,0,1,0,0000000,88,88,88,88,88,88,0,0,0,1,1
45,450928,1,1,0,0,0,3,3,85,2550,18,12,2016,1,6,31,0,2,3,1,2,US-15,,0,33.91944167,-80.359369440000,0,33,0,0,1,1,0,4,4,1,0,1,0,0000000,99,99,99,99,99,99,0,0,0,2,1
45,450929,2,2,0,0,0,3,3,91,2200,21,12,2016,4,9,30,0,2,3,1,3,SR-901,SR-101,80,34.91743889,-81.048950000000,0,12,6,0,2,2,0,1,1,1,0,1,0,0000000,99,99,99,99,99,99,0,0,0,1,0
45,450930,1,1,0,1,1,2,2,53,1080,21,12,2016,4,18,40,0,1,3,1,2,US-17,,133,32.27963889,-81.081430560000,0,8,0,0,1,1,0,1,3,1,0,1,0,0000000,99,99,99,99,99,99,0,0,0,1,0
45,450931,1,1,0,1,1,3,3,19,410,26,12,2016,2,21,23,0,2,4,1,3,SR-700,,0,32.76251944,-79.985802780000,0,8,0,0,1,1,0,1,2,5,0,5,0,0000000,99,99,99,99,99,99,0,0,0,1,0
45,450932,1,1,0,1,1,1,1,19,410,28,5,2016,7,4,58,0,2,4,1,3,SR-32,,0,77.77770000,777.777700000000,0,8,0,0,1,1,0,1,6,98,0,98,0,0000000,99,99,99,99,99,99,0,0,0,1,0
45,450933,1,1,0,1,1,2,2,29,2720,18,10,2016,3,20,18,0,1,3,1,3,SR-63,,173,32.88041111,-80.709050000000,0,8,0,0,1,1,0,1,3,1,0,1,0,0000000,99,99,99,99,99,99,0,0,0,1,0
45,450934,2,2,0,0,0,2,2,35,0,24,12,2016,7,15,12,0,2,4,1,3,SR-165,SR-360,106,32.97083889,-80.198919440000,0,12,6,0,2,2,0,1,1,1,0,1,0,0000000,88,88,88,88,88,88,0,0,0,1,0
45,450935,1,1,0,0,0,3,3,17,0,31,12,2016,7,19,0,0,1,7,1,3,SR-119,,12,33.69120000,-80.877261110000,0,35,0,0,1,1,0,4,2,1,0,1,0,0000000,99,99,99,99,99,99,0,0,0,2,0
45,450936,1,1,0,1,1,1,1,19,410,19,12,2016,2,19,27,1,2,3,1,2,US-17,SR-553,309,32.79500000,-79.945416670000,0,8,0,0,2,2,0,1,3,10,0,10,0,0000000,99,99,99,99,99,99,0,0,0,1,0
45,450937,6,6,0,0,0,10,10,19,410,22,10,2016,7,17,52,1,2,1,1,1,I-26,,2163,32.84390000,-79.983411110000,0,99,98,0,20,1,0,1,6,98,0,98,0,0000000,99,99,99,99,99,99,0,0,0,1,1